{"backontracksx": 79.07709980483418, "backward": 2.11293761864029, "brakingpacefast": 1.8076454212781297, "brakingpaceslow": 2.2063382540661403, "carmaxvisib": 2.91045372343982, "carmin": 37.7531503608192, "clutchslip": 89.7107961126126, "clutchspin": 87.03794394715668, "consideredstr8": 0.009641197789069154, "dnsh1rpm": 1811.8127936960516, "dnsh2rpm": 5713.650711178416, "dnsh3rpm": 6934.628822737158, "dnsh4rpm": 9278.374767700518, "dnsh5rpm": 7634.160123713373, "fullstis": 0.9987124081390722, "fullstmaxsx": 22.15681924634318, "ignoreinfleA": 10.581387093382194, "obvious": 0.9996193041107342, "obviousbase": 88.31623661011407, "offroad": 0.8933843878070569, "oksyp": 0.06646737880535328, "pointingahead": 0.01000013347058333, "s2cen": 0.39321107525067844, "s2sen": 2.510269453381108, "safeatanyspeed": 0.010000550359423014, "seriousABS": 28.28762264603114, "skidsev1": 0.010029813174746494, "slipdec": 0.010232177644485497, "sortofontrack": 0.9950955825892271, "spincutclip": 0.1341818410266129, "spincutint": 2.8809116456156176, "spincutslp": 0.052735044970545666, "st": 831.85459381118, "stC": 329.1710253371887, "steer2edge": 0.9837506951927681, "str8thresh": 0.30407851608288017, "stst": 751.5818939938373, "sxappropriatest1": 17.546577611688708, "sxappropriatest2": 0.42690905838914955, "sycon1": 0.7065778419550626, "sycon2": 0.03049169824729578, "upsh2rpm": 9647.368473160868, "upsh3rpm": 9764.85570333066, "upsh4rpm": 9575.689932889372, "upsh5rpm": 9999.999677641668, "upsh6rpm": 9000.296191912897, "wheeldia": 0.560755057892043, "wwlim": 4.450982539082465}