{"backontracksx": 492.559292774859, "backward": 1.5939686992741753, "brakingpacefast": 2.1817003538711375, "brakingpaceslow": 3.3818402911402377, "carmaxvisib": 5.618316134007879, "carmin": 26.094340062402843, "clutchslip": 76.90695011821427, "clutchspin": 134.80840085048155, "consideredstr8": 0.020719989655763795, "dnsh1rpm": 2843.759776284487, "dnsh2rpm": 4585.127289739339, "dnsh3rpm": 7010.26637562597, "dnsh4rpm": 8914.33978462324, "dnsh5rpm": 7635.744692267182, "fullstis": 0.9625770035974327, "fullstmaxsx": 14.53801637612473, "ignoreinfleA": 10.602957783686307, "obvious": 1.3845473376308248, "obviousbase": 101.12322266901899, "offroad": 2.090912732216375, "oksyp": 0.1732861419940264, "pointingahead": 2.0915237904078343, "s2cen": 0.21625877612229147, "s2sen": 2.956918460691039, "safeatanyspeed": 0.00044616608160157056, "seriousABS": 38.44768216540776, "skidsev1": -1.7958229677214503, "slipdec": 0.009122081405211592, "sortofontrack": 1.5709908957260028, "spincutclip": -0.0521345461421274, "spincutint": 1.7449866514563273, "spincutslp": 0.05142589453207698, "st": 655.6073079869778, "stC": 650.8244599189557, "steer2edge": 0.9502114400315407, "str8thresh": 0.33155034123909455, "stst": 494.40788172445616, "sxappropriatest1": 12.78420380699163, "sxappropriatest2": 0.5885371320367387, "sycon1": 0.7283770715765534, "sycon2": -1.1815016835621497, "upsh2rpm": 5519.311753390923, "upsh3rpm": 7661.847719196592, "upsh4rpm": 9518.385714320613, "upsh5rpm": 9178.52558439016, "upsh6rpm": 4439.497878115373, "wheeldia": 0.1495430008365175, "wwlim": 46.33448848635682}