{"backontracksx": 846.8950857736787, "backward": 2.429136048983784, "brakingpacefast": 4.003568863280505, "brakingpaceslow": -0.18400137951017037, "carmaxvisib": 9.92898597047611, "carmin": 111.7482172998684, "clutchslip": 45.14514724640401, "clutchspin": 31.186682735297385, "consideredstr8": -0.01837500642117925, "dnsh1rpm": 4445.566017878503, "dnsh2rpm": 9711.59417805344, "dnsh3rpm": 7058.528026436495, "dnsh4rpm": 8120.405324114277, "dnsh5rpm": 6552.309586896956, "fullstis": 0.7075920621338656, "fullstmaxsx": 35.64098310991179, "ignoreinfleA": 10.656575792975943, "obvious": 0.8358435543107738, "obviousbase": 100.24265944411624, "offroad": 0.5197127085949049, "oksyp": 0.15769343159117863, "pointingahead": 3.673540970964255, "s2cen": 0.2171368870746389, "s2sen": -4.0188754233632835, "safeatanyspeed": 0.008817728404964458, "seriousABS": 53.02701793065136, "skidsev1": 1.1244330671434573, "slipdec": 0.01741250723877814, "sortofontrack": 0.2641439743221526, "spincutclip": 0.44475070586121246, "spincutint": 1.7449866514563273, "spincutslp": 0.05142589453207698, "st": -2071.991886519776, "stC": 352.34555984065076, "steer2edge": 0.9502114400315407, "str8thresh": 0.5930270614666687, "stst": 494.40788172445616, "sxappropriatest1": 34.72081225641649, "sxappropriatest2": 0.4951540969180466, "sycon1": 1.9680069732355618, "sycon2": -0.15453300557199645, "upsh2rpm": 5297.4866232560225, "upsh3rpm": 9714.35662467259, "upsh4rpm": 9455.859192210906, "upsh5rpm": 9200.632872918499, "upsh6rpm": 8842.259783426936, "wheeldia": -22.075852528619627, "wwlim": -193.77426933736484}