{"backontracksx": 243.04698028940953, "backward": -0.3471664278689395, "brakingpacefast": 1.8735789919426165, "brakingpaceslow": 0.9961815778433248, "carmaxvisib": 7.265052970912906, "carmin": 30.442095418784547, "clutchslip": 103.43835781441223, "clutchspin": -17.017509223195077, "consideredstr8": 0.032039882045297605, "dnsh1rpm": 5633.124426684001, "dnsh2rpm": 3638.7788978013073, "dnsh3rpm": 6995.471053345372, "dnsh4rpm": 8559.298862938926, "dnsh5rpm": 7461.331302518044, "fullstis": 0.8115476620931811, "fullstmaxsx": 17.433188223161842, "ignoreinfleA": 10.850998359512008, "obvious": 1.386196836438124, "obviousbase": 91.80720285138837, "offroad": 0.5056760959617635, "oksyp": 0.02852908304219602, "pointingahead": 2.6513978711091277, "s2cen": 0.21064039291327885, "s2sen": 0.9812160866295994, "safeatanyspeed": 0.002924240666694127, "seriousABS": 25.124213400876094, "skidsev1": -0.32169612680099746, "slipdec": 0.014419341658649637, "sortofontrack": 0.7389870837527468, "spincutclip": 0.05411377269527434, "spincutint": 1.7449866514563273, "spincutslp": 0.05142589453207698, "st": -1075.8300382072923, "stC": 319.7039360126696, "steer2edge": 0.9502114400315407, "str8thresh": 0.42572540174223705, "stst": 494.40788172445616, "sxappropriatest1": 19.787863754137934, "sxappropriatest2": 0.6036314318493596, "sycon1": 1.3033814704199513, "sycon2": 0.7635658602190818, "upsh2rpm": 4566.499451770539, "upsh3rpm": 9753.251273653857, "upsh4rpm": 9525.229136332619, "upsh5rpm": 9152.17192040619, "upsh6rpm": 9426.79741394169, "wheeldia": -0.07407997691681167, "wwlim": -28.875166138794235}