{"backontracksx": 264.02731286208694, "backward": 0.8921491480278085, "brakingpacefast": 2.5643184644820076, "brakingpaceslow": 2.6382540234961533, "carmaxvisib": 6.168616367483358, "carmin": 51.621600108258825, "clutchslip": 57.68626091220179, "clutchspin": -141.721432474979, "consideredstr8": 0.004024215441615565, "dnsh1rpm": 7123.078964754195, "dnsh2rpm": 5332.800804867995, "dnsh3rpm": 7154.540616955416, "dnsh4rpm": 6842.39274085089, "dnsh5rpm": 7246.684347565978, "fullstis": 0.8204512280387115, "fullstmaxsx": -24.628723168873528, "ignoreinfleA": 10.875684100501537, "obvious": 1.3630035247916432, "obviousbase": 76.32178745764071, "offroad": 1.465820945411451, "oksyp": 0.07016776385435053, "pointingahead": 1.9204228897958318, "s2cen": 0.20021013324014394, "s2sen": -1.2160912289643866, "safeatanyspeed": 0.002557053112489588, "seriousABS": -4.060864403477199, "skidsev1": 0.3712953804248469, "slipdec": -0.00020376590035246127, "sortofontrack": 0.037204597256964345, "spincutclip": 0.03979882224460071, "spincutint": 1.7449866514563273, "spincutslp": 0.05142589453207698, "st": 492.89276442257506, "stC": 1282.5752795468595, "steer2edge": 0.9502114400315407, "str8thresh": 0.18057296998779038, "stst": 494.40788172445616, "sxappropriatest1": 17.679882202766755, "sxappropriatest2": 0.5788236633460535, "sycon1": -0.32393085510431674, "sycon2": 0.19769634474040454, "upsh2rpm": 9403.099265945564, "upsh3rpm": 5857.988490816448, "upsh4rpm": 9489.496817252688, "upsh5rpm": 9707.746060296653, "upsh6rpm": 8191.458188294466, "wheeldia": 3.820218903057614, "wwlim": 58.44884603784723}