{"backontracksx": 295.59242988188055, "backward": 4.06959950271351, "brakingpacefast": 1.6700555804568054, "brakingpaceslow": 3.3922889674410883, "carmaxvisib": 4.239846484097397, "carmin": 11.512111761699579, "clutchslip": 169.27820438619509, "clutchspin": 13.78091660038568, "consideredstr8": 0.043936084489242, "dnsh1rpm": 8141.2534695368295, "dnsh2rpm": 6742.482692442725, "dnsh3rpm": 6881.524216533521, "dnsh4rpm": 5980.051608261238, "dnsh5rpm": 7469.350046288417, "fullstis": 0.7766305843598358, "fullstmaxsx": -7.831480624079472, "ignoreinfleA": 10.513346667100633, "obvious": 1.1194963055534028, "obviousbase": 82.45611558474016, "offroad": 3.0068873619882934, "oksyp": -0.010781782159327666, "pointingahead": 1.5247319872635157, "s2cen": 0.35449685361099037, "s2sen": -1.828304073245718, "safeatanyspeed": 0.002957467529231314, "seriousABS": 84.54038458712147, "skidsev1": 2.755198121093426, "slipdec": 0.00976232538619879, "sortofontrack": 2.035348902601597, "spincutclip": 0.1829277858103775, "spincutint": 1.7449866514563273, "spincutslp": 0.05142589453207698, "st": -1678.7687974669243, "stC": 578.1920729449741, "steer2edge": 0.9502114400315407, "str8thresh": 0.4919320336829355, "stst": 494.40788172445616, "sxappropriatest1": 23.241798721639814, "sxappropriatest2": 0.5511459408699905, "sycon1": 1.2700798841974796, "sycon2": 1.2066844956288747, "upsh2rpm": 6060.872724338838, "upsh3rpm": 8625.547498382331, "upsh4rpm": 9501.11090265455, "upsh5rpm": 9640.723278005109, "upsh6rpm": 9346.53113056552, "wheeldia": 3.505593492498158, "wwlim": 66.46662395942867}