{"backontracksx": 373.47900019754627, "backward": 1.6001399976375072, "brakingpacefast": 1.6820193897591365, "brakingpaceslow": 2.459379571599001, "carmaxvisib": 4.911145608160208, "carmin": -3.8079204208672337, "clutchslip": 101.39831885077433, "clutchspin": 185.76439916256527, "consideredstr8": 0.029425115696140768, "dnsh1rpm": 2420.4703120183067, "dnsh2rpm": 4868.7085074957695, "dnsh3rpm": 7063.874630235401, "dnsh4rpm": 8161.578172357391, "dnsh5rpm": 7925.635031190144, "fullstis": 0.8093620348876736, "fullstmaxsx": 19.869859875165137, "ignoreinfleA": 10.648172210272731, "obvious": 1.3990537963482905, "obviousbase": 74.79138565047327, "offroad": 1.424741444968729, "oksyp": 0.058573265747581864, "pointingahead": 2.4886100837066767, "s2cen": 0.49837401558756234, "s2sen": -1.5637796782397597, "safeatanyspeed": 0.005173230889027195, "seriousABS": 59.54211109797656, "skidsev1": 1.1430910978113495, "slipdec": 0.016750678798043445, "sortofontrack": 0.8695838716859519, "spincutclip": 0.008246331855295802, "spincutint": 1.7449866514563273, "spincutslp": 0.05142589453207698, "st": 951.2032213760735, "stC": 435.6086299452426, "steer2edge": 0.9502114400315407, "str8thresh": 0.031922361295206925, "stst": 494.40788172445616, "sxappropriatest1": 18.311379214108904, "sxappropriatest2": 0.604731624296217, "sycon1": 2.0621019690359157, "sycon2": 1.6672110320466653, "upsh2rpm": 9924.937188938013, "upsh3rpm": 9223.065388168106, "upsh4rpm": 9510.016460831273, "upsh5rpm": 9903.796814541649, "upsh6rpm": -6493.025959924606, "wheeldia": 5.255865248758289, "wwlim": 77.81265681309796}