{"backontracksx": 906.8284980827182, "backward": 12.504749106258998, "brakingpacefast": 1.4975440425055078, "brakingpaceslow": 5.352633212563634, "carmaxvisib": 20.659649879453667, "carmin": 27.10723304746942, "clutchslip": -231.83433779551675, "clutchspin": -923.9457439259004, "consideredstr8": 0.06054319160984172, "dnsh1rpm": 5026.864002631458, "dnsh2rpm": 2043.6799151159719, "dnsh3rpm": 5757.34519621805, "dnsh4rpm": 6717.541461725408, "dnsh5rpm": 8867.382831503359, "fullstis": 0.8405326736216141, "fullstmaxsx": 66.92151366222161, "ignoreinfleA": 11.092195608721314, "obvious": 1.0520586809338732, "obviousbase": 52.34956152620628, "offroad": -1.6899974774349338, "oksyp": 0.27354443705534315, "pointingahead": -5.526314511042826, "s2cen": 0.4696704740629984, "s2sen": 26.62377017435034, "safeatanyspeed": 0.05123295713849226, "seriousABS": -7.049096949098413, "skidsev1": 2.3803262521674, "slipdec": 0.020079737118028324, "sortofontrack": 3.301686661801088, "spincutclip": -0.6497001259866384, "spincutint": 1.7449866514563273, "spincutslp": 0.05142589453207698, "st": 2744.4675640207115, "stC": -410.1659492523936, "steer2edge": 0.9502114400315407, "str8thresh": 0.4745403340335345, "stst": 494.40788172445616, "sxappropriatest1": 2.986980640560006, "sxappropriatest2": 0.15500552068919177, "sycon1": 2.935002195682332, "sycon2": -2.906567541035222, "upsh2rpm": 9843.60336192519, "upsh3rpm": -6474.612228259817, "upsh4rpm": 9789.802499576843, "upsh5rpm": 9258.028545140984, "upsh6rpm": 8607.005337501028, "wheeldia": -31.956359404278164, "wwlim": -634.4411788154143}