{"backontracksx": 214.0008378540213, "backward": 0.20079865372206473, "brakingpacefast": 1.30816460591981, "brakingpaceslow": 2.0439600135598663, "carmaxvisib": 13.265548169435942, "carmin": 21.933547205832046, "clutchslip": 70.54160566927345, "clutchspin": 267.37117378131444, "consideredstr8": 0.07516025126700795, "dnsh1rpm": 5699.836171457962, "dnsh2rpm": 5709.93949459876, "dnsh3rpm": 6950.406746862879, "dnsh4rpm": 7964.6421896114825, "dnsh5rpm": 7607.2416578850225, "fullstis": 0.6448756911138152, "fullstmaxsx": 2.0240191511577184, "ignoreinfleA": 11.012714454268947, "obvious": 0.3560165772138548, "obviousbase": 98.29341606316578, "offroad": 0.7494869975478657, "oksyp": 0.07987281217840524, "pointingahead": 0.9018060999041501, "s2cen": 0.16118139416289348, "s2sen": 11.23959626055368, "safeatanyspeed": -0.0031418866160184957, "seriousABS": 72.04537881749947, "skidsev1": -0.9025868822093756, "slipdec": 0.016373377617132638, "sortofontrack": 0.4989309218962514, "spincutclip": 0.24862534009269371, "spincutint": 1.7449866514563273, "spincutslp": 0.05142589453207698, "st": 614.8700206280625, "stC": 825.3714225748295, "steer2edge": 0.9502114400315407, "str8thresh": 0.6590985014784372, "stst": 494.40788172445616, "sxappropriatest1": -5.967644122950771, "sxappropriatest2": 0.603913133290106, "sycon1": -0.30446101616855653, "sycon2": 0.7300750279965406, "upsh2rpm": 8944.724270788123, "upsh3rpm": 8279.573685802301, "upsh4rpm": 9553.141084281146, "upsh5rpm": 9152.008816047939, "upsh6rpm": 9191.89423578944, "wheeldia": 3.188843337778092, "wwlim": -44.34226882900478}