{"backontracksx": 271.4721901898274, "backward": 1.3759660609738211, "brakingpacefast": 1.2152672981097157, "brakingpaceslow": 3.6945454937702995, "carmaxvisib": 8.133091208587778, "carmin": 73.20993767540182, "clutchslip": 198.3830227996958, "clutchspin": 13.083803163408888, "consideredstr8": -0.012113984318814268, "dnsh1rpm": 4472.067459355794, "dnsh2rpm": 6031.635081271597, "dnsh3rpm": 6938.972576665649, "dnsh4rpm": 9980.858067684156, "dnsh5rpm": 6808.603543760799, "fullstis": 0.9690699266441802, "fullstmaxsx": -24.704224284540746, "ignoreinfleA": 10.870040663517239, "obvious": 1.1335576967827472, "obviousbase": 68.17205550521463, "offroad": 1.7206949948249806, "oksyp": 0.18253241038995255, "pointingahead": 1.1043538698264252, "s2cen": 0.42573178454467214, "s2sen": 10.07614472980709, "safeatanyspeed": 0.003969053489053843, "seriousABS": 96.66996266573972, "skidsev1": -0.6301021898301629, "slipdec": 0.018188448317694943, "sortofontrack": 2.437278642530185, "spincutclip": 0.16910185833818825, "spincutint": 1.7449866514563273, "spincutslp": 0.05142589453207698, "st": 234.54230361761574, "stC": 1705.718256705063, "steer2edge": 0.9502114400315407, "str8thresh": 0.31801289642826425, "stst": 494.40788172445616, "sxappropriatest1": 30.633868042042536, "sxappropriatest2": 0.5263671044943496, "sycon1": 1.8450187475617144, "sycon2": 3.29804813389746, "upsh2rpm": 9845.347304055787, "upsh3rpm": 5633.663276648978, "upsh4rpm": 9531.09669583697, "upsh5rpm": 9829.071201692175, "upsh6rpm": 7113.756696767656, "wheeldia": -5.472832941322839, "wwlim": -164.17650227753182}