{"backontracksx": 107.86423674394612, "backward": 1.781619380224569, "brakingpacefast": 0.9629903715825898, "brakingpaceslow": 2.2426, "carmaxvisib": 2.2919, "carmin": 33.8688, "clutchslip": 81.07985909384766, "clutchspin": 50.291, "consideredstr8": 0.022572779186985106, "dnsh1rpm": 4013.5036, "dnsh2rpm": 3994.345893693311, "dnsh3rpm": 7018.2574, "dnsh4rpm": 7430.3105, "dnsh5rpm": 7491.737178298103, "fullstis": 0.8199, "fullstmaxsx": 30.01917836622257, "ignoreinfleA": 10.611306344980214, "obvious": 1.3425, "obviousbase": 161.94846146920207, "offroad": 0.928122659901353, "oksyp": 0.020808206691622415, "pointingahead": 2.2058194114849186, "s2cen": 0.5054774428669708, "s2sen": 1.6060303320839773, "safeatanyspeed": 0.0013, "seriousABS": 27.9135, "skidsev1": 0.6379575060576672, "slipdec": 0.018000000000000002, "sortofontrack": 2.7524978846736943, "spincutclip": 0.1528454369316233, "spincutint": 1.6250350492822236, "spincutslp": 0.05675710995140292, "st": 690.2591387830175, "stC": 599.0407887622163, "steer2edge": 1.457446335983816, "str8thresh": 0.16628014317917325, "stst": 592.4785411717836, "sxappropriatest1": 17.48636366455873, "sxappropriatest2": 0.6012944502966435, "sycon1": 0.7277249417835419, "sycon2": 1.001235859973686, "upsh2rpm": 9528.4661, "upsh3rpm": 9519.1839, "upsh4rpm": 9526.7241, "upsh5rpm": 9540.325721377067, "upsh6rpm": 5722.768324962695, "wheeldia": -0.11428041039602185, "wwlim": 4.465046460473496}