{"backontracksx": 279.55911286857736, "backward": 2.2634299830048015, "brakingpacefast": 2.301001155338655, "brakingpaceslow": 2.305640735716278, "carmaxvisib": 2.9364359400251203, "carmin": 27.701143850247192, "clutchslip": 69.07577824854624, "clutchspin": 104.46267364059987, "consideredstr8": 0.02697411428530984, "dnsh1rpm": 2377.2077749778837, "dnsh2rpm": 3266.82881999167, "dnsh3rpm": 6882.055746873276, "dnsh4rpm": 7474.957437356825, "dnsh5rpm": 8198.980416649794, "fullstis": 1.0085069851491824, "fullstmaxsx": 24.68467327371103, "ignoreinfleA": 10.47959335543419, "obvious": 1.4232046701935277, "obviousbase": 70.19785689903037, "offroad": 0.4153316115421664, "oksyp": 0.05701163085452348, "pointingahead": 2.297657042168538, "s2cen": -0.07097484811020563, "s2sen": 8.737839858019269, "safeatanyspeed": 0.0017118778154314711, "seriousABS": -23.83649272354772, "skidsev1": -0.6108004709652568, "slipdec": 0.01525947999346721, "sortofontrack": 1.6262411819350473, "spincutclip": 0.11520004434575154, "spincutint": 1.7449866514563273, "spincutslp": 0.05142589453207698, "st": 378.06698119724194, "stC": 392.77332551060135, "steer2edge": 0.9502114400315407, "str8thresh": 0.25244643257795885, "stst": 494.40788172445616, "sxappropriatest1": 32.5480285280669, "sxappropriatest2": 0.48492360165935156, "sycon1": 1.9528000180140856, "sycon2": -0.4153348693483738, "upsh2rpm": 9999.690585881071, "upsh3rpm": 9697.038101846847, "upsh4rpm": 9416.129495240992, "upsh5rpm": 9528.088199759024, "upsh6rpm": -4811.4349202955955, "wheeldia": -6.59390790368111, "wwlim": 39.43748275643005}