{"backontracksx": 1256.550017969136, "backward": 3.0960881128527715, "brakingpacefast": 0.7086754207639432, "brakingpaceslow": 4.0478011243618655, "carmaxvisib": 1.6540248028690812, "carmin": -37.50531302431244, "clutchslip": 66.79620831471465, "clutchspin": 381.4177983128608, "consideredstr8": -0.02339662686692996, "dnsh1rpm": 7067.068685374552, "dnsh2rpm": 6303.480784250859, "dnsh3rpm": 6602.2117936882405, "dnsh4rpm": 8980.51256365192, "dnsh5rpm": 5498.98786974742, "fullstis": 0.9726676436115302, "fullstmaxsx": 18.675318370148673, "ignoreinfleA": 9.585170015516084, "obvious": 2.4195932036366234, "obviousbase": 81.56704568122026, "offroad": -3.413535740509072, "oksyp": 0.18527460363861512, "pointingahead": -0.804596211299548, "s2cen": 0.37395665788859217, "s2sen": 8.345002668676953, "safeatanyspeed": 0.001113628319741631, "seriousABS": -41.98097461841425, "skidsev1": 3.4322564947358476, "slipdec": -0.02518448135617985, "sortofontrack": 7.69852697816844, "spincutclip": 0.5727139256612006, "spincutint": 1.7449866514563273, "spincutslp": 0.05142589453207698, "st": 2815.621664588171, "stC": 1832.3547866786594, "steer2edge": 0.9502114400315407, "str8thresh": 0.4037268696784812, "stst": 494.40788172445616, "sxappropriatest1": 60.73661705000289, "sxappropriatest2": 0.04411021551005467, "sycon1": 1.2004516185125391, "sycon2": -1.780016874044363, "upsh2rpm": 9730.444823737002, "upsh3rpm": 8615.863579373055, "upsh4rpm": 9521.9016778584, "upsh5rpm": 9348.594052302198, "upsh6rpm": 115.1604516267198, "wheeldia": 8.179070850349675, "wwlim": 524.7164940568736}