{"backontracksx": 70.8506, "backward": 1.6692, "brakingpacefast": 1.0383, "brakingpaceslow": 2.2426, "carmaxvisib": 2.2919, "carmin": 33.8688, "clutchslip": 90.341, "clutchspin": 50.291, "consideredstr8": 0.00981352132743128, "dnsh1rpm": 4013.5036, "dnsh2rpm": 6313.0396, "dnsh3rpm": 7018.2574, "dnsh4rpm": 7430.3105, "dnsh5rpm": 7501.426455520815, "fullstis": 0.8199, "fullstmaxsx": 20.0708, "ignoreinfleA": 17.748927063692022, "obvious": 1.3425, "obviousbase": 95.3072, "offroad": 1.0003, "oksyp": 0.0659, "pointingahead": 2.1964, "s2cen": 1.008088405915978, "s2sen": 4.6483248282018845, "safeatanyspeed": 0.0013, "seriousABS": 11.703362844444484, "skidsev1": 0.5766, "slipdec": -0.02919530556613715, "sortofontrack": 1.5041, "spincutclip": 0.1025, "spincutint": 1.745, "spincutslp": 0.0514, "st": 744.7161542468607, "stC": 314.23144427950666, "steer2edge": 0.9502, "str8thresh": 0.04302370387577825, "stst": 494.4079, "sxappropriatest1": 16.0833, "sxappropriatest2": 0.9372299181669543, "sycon1": 0.6429, "sycon2": 1.0002, "upsh2rpm": 9528.4661, "upsh3rpm": 9519.1839, "upsh4rpm": 9526.7241, "upsh5rpm": 9652.7872, "upsh6rpm": 9590.05403914903, "wheeldia": 0.8554, "wwlim": 4.487}